"","M.C.193","M.C.216","M.C.218","M.C.226","M.C.306","M.C.329","M.C.334","M.C.337","M.C.339","M.C.358","M.C.360","M.C.363","M.C.373","M.C.482","M.C.488","M.T.18","M.T.20","M.T.22","M.T.235","M.T.245","M.T.29","M.T.31","M.T.32","M.T.399","M.T.43","M.T.44","M.T.500","M.T.7","M.T.83","M.T.8","LOC","baseMean","log2FoldChange","lfcSE","stat","pvalue","padj","Accession","Begin","End","Chromosome","Orientation","Name","Gene.ID","Gene.Type","Transcripts.accession","Transcript.name","Protein.accession","Protein.name","Protein.length","Locus.tag","id","From","Reviewed","Entry.Name","Protein.names","Gene.Names","Organism","Length","Gene.Ontology.IDs","Gene.Ontology..biological.process.","Gene.Ontology..GO.","Gene.Ontology..molecular.function.","Gene.Ontology..cellular.component.","Developmental.stage","Induction","Tissue.specificity"
"1",9.01823361489945,8.99135769024146,7.5770102986508,7.7890527300868,7.61799995441299,7.90348982202771,7.78503655802838,8.36219696935414,8.10246900797769,7.7309758660368,7.43127930730373,8.48987682533441,6.8708405814907,7.05600275342012,7.86691686258671,7.0029169529799,6.27803932926775,6.74429055973838,7.17241478194945,6.69942740326075,6.65387928736283,7.67450420909871,6.9605147726873,6.23625061656922,6.41043984355123,6.41964836186521,6.60777921850064,7.16901791666584,6.84818411765253,7.13444226611486,"LOC132758254",187.733916591935,-1.18860991824847,0.200372925214527,-5.93198865054195,2.99287317282028e-09,3.3954146145646e-05,"NW_026859905.1",204763,227007,"","plus","golgin subfamily A member 3-like",132758254,"protein-coding","XM_060749812.1","golgin subfamily A member 3-like, transcript variant X1","XP_060605795.1","golgin subfamily A member 3-like isoform X1",1674,"","P55937","P55937","reviewed","GOGA3_MOUSE","Golgin subfamily A member 3 (Golgin-160) (Male-enhanced antigen 2) (MEA-2)","Golga3 Mea2","Mus musculus (Mouse)",1487,"GO:0000139; GO:0005793; GO:0007283; GO:0030154; GO:0032580","cell differentiation [GO:0030154]; spermatogenesis [GO:0007283]","endoplasmic reticulum-Golgi intermediate compartment [GO:0005793]; Golgi cisterna membrane [GO:0032580]; Golgi membrane [GO:0000139]; cell differentiation [GO:0030154]; spermatogenesis [GO:0007283]","","endoplasmic reticulum-Golgi intermediate compartment [GO:0005793]; Golgi cisterna membrane [GO:0032580]; Golgi membrane [GO:0000139]","","","TISSUE SPECIFICITY: Highly expressed in testis. Transcripts can be found in spermatids during spermatogenesis. No expression in Leydig cells, spermatogonia or spermatocytes. Detected at low levels in all tissues."
"2",7.54696896384492,8.09377766491318,8.44416658746947,8.04883993128317,9.28683160672599,9.82050110640449,7.61425117668735,8.48969985953043,6.66586345211153,7.78266356043855,7.17789732337337,8.49889688359672,6.77020109413821,8.03065603425807,8.88728702253566,6.95338773981747,5.8586432410054,6.80672516704105,7.44331210567403,6.92931100262783,6.68216748932676,6.83682678231641,6.50423104713145,6.67527113737435,7.86645063985243,6.98414949570113,7.76047051819874,6.8435210298491,7.86489340564372,5.49927825302253,"LOC132745822",225.660280860098,-1.29960367742017,0.274235935793666,-4.7389984600632,2.14777136542662e-06,0.00392930571291703,"NW_026856216.1",29641,46037,"","minus","titin homolog",132745822,"protein-coding","XM_060734808.1","titin homolog, transcript variant X1","XP_060590791.1","titin homolog isoform X1",1350,"",NA,NA,NA,NA,NA,NA,NA,NA,NA,NA,NA,NA,NA,NA,NA,NA
"3",5.27628952953365,6.31438781101382,7.93600984814608,7.72737321676371,6.92949936638874,8.01609823792826,6.24597314346219,6.40964191603359,5.55335518350816,6.87334382428336,7.10943761124955,5.69298924435225,7.07749949880229,5.22298057660165,6.72468216542612,4.79892898859898,4.68275127727934,5.70620478480942,5.54965662879115,5.46224023944634,6.31760728855767,5.47004829000648,5.21876764287522,5.60209181631184,6.12982647546675,5.61390745835799,6.15986504878392,5.88588360447826,4.8852686851375,4.42054043515821,"LOC132746399",80.8726248757508,-1.32407058926082,0.274234920018008,-4.82823481843187,1.37748608342231e-06,0.00392930571291703,"NW_026856403.1",242141,268014,"","plus","FYVE and coiled-coil domain-containing protein 1-like",132746399,"protein-coding","XM_060735521.1","FYVE and coiled-coil domain-containing protein 1-like","XP_060591504.1","FYVE and coiled-coil domain-containing protein 1-like",2583,"","Q8VDC1","Q8VDC1","reviewed","FYCO1_MOUSE","FYVE and coiled-coil domain-containing protein 1","Fyco1","Mus musculus (Mouse)",1437,"GO:0005764; GO:0005770; GO:0005776; GO:0005794; GO:0046872; GO:0072383; GO:1901098","plus-end-directed vesicle transport along microtubule [GO:0072383]; positive regulation of autophagosome maturation [GO:1901098]","autophagosome [GO:0005776]; Golgi apparatus [GO:0005794]; late endosome [GO:0005770]; lysosome [GO:0005764]; metal ion binding [GO:0046872]; plus-end-directed vesicle transport along microtubule [GO:0072383]; positive regulation of autophagosome maturation [GO:1901098]","metal ion binding [GO:0046872]","autophagosome [GO:0005776]; Golgi apparatus [GO:0005794]; late endosome [GO:0005770]; lysosome [GO:0005764]","","","TISSUE SPECIFICITY: Expressed in heart and testis. Expressed in the eye lens. {ECO:0000269|PubMed:12461651, ECO:0000269|PubMed:21636066}."
"4",5.78997837334059,6.52529666742304,5.48650100558967,5.76967621328101,6.38563512950317,7.13904925695242,6.16577456637658,6.40964191603359,5.39822533580014,7.45874541445936,5.43231575196302,6.99171099124119,6.79967867262331,5.76317826193942,6.37235276434563,4.3252118190234,4.10196356576328,5.24730880913005,5.51392029974647,5.10898992201973,5.48757489272077,4.90126874611842,5.37008729633384,5.18839056553755,5.21807438701997,5.85037624936066,6.09266955339127,4.60966922960836,5.92767699611923,4.63327648759653,"LOC132746792",60.5513968574354,-1.14141155958576,0.238846166049091,-4.77885652705499,1.7629493273376e-06,0.00392930571291703,"NW_026856504.1",70333,123083,"","plus","phospholipase D1-like",132746792,"protein-coding","XM_060736043.1","phospholipase D1-like","XP_060592026.1","phospholipase D1-like",330,"","Q9Z280","Q9Z280","reviewed","PLD1_MOUSE","Phospholipase D1 (PLD 1) (mPLD1) (EC 3.1.4.4) (Choline phosphatase 1) (Phosphatidylcholine-hydrolyzing phospholipase D1)","Pld1","Mus musculus (Mouse)",1074,"GO:0000139; GO:0004630; GO:0005768; GO:0005789; GO:0005794; GO:0006654; GO:0008654; GO:0009395; GO:0030027; GO:0030335; GO:0031902; GO:0031982; GO:0031985; GO:0032534; GO:0035091; GO:0035556; GO:0043231; GO:0043434; GO:0045202; GO:0048471; GO:0050830; GO:0060627; GO:0070290","defense response to Gram-positive bacterium [GO:0050830]; intracellular signal transduction [GO:0035556]; phosphatidic acid biosynthetic process [GO:0006654]; phospholipid biosynthetic process [GO:0008654]; phospholipid catabolic process [GO:0009395]; positive regulation of cell migration [GO:0030335]; regulation of microvillus assembly [GO:0032534]; regulation of vesicle-mediated transport [GO:0060627]; response to peptide hormone [GO:0043434]","endoplasmic reticulum membrane [GO:0005789]; endosome [GO:0005768]; Golgi apparatus [GO:0005794]; Golgi cisterna [GO:0031985]; Golgi membrane [GO:0000139]; intracellular membrane-bounded organelle [GO:0043231]; lamellipodium [GO:0030027]; late endosome membrane [GO:0031902]; perinuclear region of cytoplasm [GO:0048471]; synapse [GO:0045202]; vesicle [GO:0031982]; N-acylphosphatidylethanolamine-specific phospholipase D activity [GO:0070290]; phosphatidylinositol binding [GO:0035091]; phospholipase D activity [GO:0004630]; defense response to Gram-positive bacterium [GO:0050830]; intracellular signal transduction [GO:0035556]; phosphatidic acid biosynthetic process [GO:0006654]; phospholipid biosynthetic process [GO:0008654]; phospholipid catabolic process [GO:0009395]; positive regulation of cell migration [GO:0030335]; regulation of microvillus assembly [GO:0032534]; regulation of vesicle-mediated transport [GO:0060627]; response to peptide hormone [GO:0043434]","N-acylphosphatidylethanolamine-specific phospholipase D activity [GO:0070290]; phosphatidylinositol binding [GO:0035091]; phospholipase D activity [GO:0004630]","endoplasmic reticulum membrane [GO:0005789]; endosome [GO:0005768]; Golgi apparatus [GO:0005794]; Golgi cisterna [GO:0031985]; Golgi membrane [GO:0000139]; intracellular membrane-bounded organelle [GO:0043231]; lamellipodium [GO:0030027]; late endosome membrane [GO:0031902]; perinuclear region of cytoplasm [GO:0048471]; synapse [GO:0045202]; vesicle [GO:0031982]","DEVELOPMENTAL STAGE: Expressed most strikingly in selected ventricular cells lining the spinal cord and brain. The level of expression decreases dramatically as the cells differentiate into neurons and migrate to the outer layer of the spinal cord and brain. Expression is observed during development in a restricted region of the nasal neuroepithelium.","","TISSUE SPECIFICITY: Expressed in kidney, lung, and at a much lower levels, in brain, liver, heart, testis and spleen."
"5",5.40727779134345,3.87446287909811,3.47448702896128,4.18514812629599,3.17946176173652,4.35315601073564,4.73604722200968,5.32937124672336,3.40258083665951,3.94409455758203,4.94102375241961,3.96863955606426,4.97351415395905,4.65720386970002,5.07631241035262,5.81775897633191,6.39937766787067,6.95743900161081,4.3562725016953,4.64018843539909,5.28113899613091,6.2370685327417,4.89854673283465,6.25270937432063,7.0166382209791,7.44769614259339,5.15815679572452,4.87080552935563,6.18675582401567,4.56579086287138,"LOC132720785",43.7318895442375,1.57039646961259,0.321427808745605,4.88568949818368,1.03067520095987e-06,0.00392930571291703,"NW_026862958.1",82977,120119,"","plus","malignant fibrous histiocytoma-amplified sequence 1 homolog",132720785,"protein-coding","XM_060704992.1","malignant fibrous histiocytoma-amplified sequence 1 homolog, transcript variant X1","XP_060560975.1","malignant fibrous histiocytoma-amplified sequence 1 homolog isoform X1",1231,"","Q9Y4C4","Q9Y4C4","reviewed","MFHA1_HUMAN","Malignant fibrous histiocytoma-amplified sequence 1 (Malignant fibrous histiocytoma-amplified sequence with leucine-rich tandem repeats 1)","MFHAS1 MASL1","Homo sapiens (Human)",1052,"GO:0005525; GO:0005737; GO:0006954; GO:0007165; GO:0030218; GO:0031625; GO:0034121; GO:0034136; GO:0034137; GO:0034144; GO:0035308; GO:0043030; GO:0045087; GO:0046330; GO:0050728; GO:0051721; GO:0051897; GO:0070374; GO:1900181; GO:1900745","erythrocyte differentiation [GO:0030218]; inflammatory response [GO:0006954]; innate immune response [GO:0045087]; negative regulation of inflammatory response [GO:0050728]; negative regulation of protein dephosphorylation [GO:0035308]; negative regulation of protein localization to nucleus [GO:1900181]; negative regulation of toll-like receptor 2 signaling pathway [GO:0034136]; negative regulation of toll-like receptor 4 signaling pathway [GO:0034144]; positive regulation of ERK1 and ERK2 cascade [GO:0070374]; positive regulation of JNK cascade [GO:0046330]; positive regulation of p38MAPK cascade [GO:1900745]; positive regulation of phosphatidylinositol 3-kinase/protein kinase B signal transduction [GO:0051897]; positive regulation of toll-like receptor 2 signaling pathway [GO:0034137]; regulation of macrophage activation [GO:0043030]; regulation of toll-like receptor signaling pathway [GO:0034121]; signal transduction [GO:0007165]","cytoplasm [GO:0005737]; GTP binding [GO:0005525]; protein phosphatase 2A binding [GO:0051721]; ubiquitin protein ligase binding [GO:0031625]; erythrocyte differentiation [GO:0030218]; inflammatory response [GO:0006954]; innate immune response [GO:0045087]; negative regulation of inflammatory response [GO:0050728]; negative regulation of protein dephosphorylation [GO:0035308]; negative regulation of protein localization to nucleus [GO:1900181]; negative regulation of toll-like receptor 2 signaling pathway [GO:0034136]; negative regulation of toll-like receptor 4 signaling pathway [GO:0034144]; positive regulation of ERK1 and ERK2 cascade [GO:0070374]; positive regulation of JNK cascade [GO:0046330]; positive regulation of p38MAPK cascade [GO:1900745]; positive regulation of phosphatidylinositol 3-kinase/protein kinase B signal transduction [GO:0051897]; positive regulation of toll-like receptor 2 signaling pathway [GO:0034137]; regulation of macrophage activation [GO:0043030]; regulation of toll-like receptor signaling pathway [GO:0034121]; signal transduction [GO:0007165]","GTP binding [GO:0005525]; protein phosphatase 2A binding [GO:0051721]; ubiquitin protein ligase binding [GO:0031625]","cytoplasm [GO:0005737]","","INDUCTION: Up-regulated during erythroid cells differentiation (at protein level) (PubMed:23327923). Up-regulated upon Toll-like receptor TLR2 stimulation (PubMed:26599367). Up-regulated in macrophages upon M. tuberculosis infection (PubMed:20616063). Up-regulated upon sepsis (PubMed:26599367). Up-regulated by glucose (PubMed:29168081). {ECO:0000269|PubMed:20616063, ECO:0000269|PubMed:23327923, ECO:0000269|PubMed:26599367, ECO:0000269|PubMed:29168081}.","TISSUE SPECIFICITY: Ubiquitously expressed. Overexpressed in malignant fibrous histiocytomas (PubMed:9973190). Expressed in red blood cells (at protein level) (PubMed:23327923). {ECO:0000269|PubMed:23327923, ECO:0000269|PubMed:9973190}."
"6",7.03164247862029,7.39588445009518,6.55897779105776,7.20087882834456,6.13985480558431,5.85840499443834,5.52805448850753,6.0749268860464,6.69281931606587,6.39283073591796,6.91685424359172,5.92484097255287,6.47368772594343,6.46330423980028,5.98191287601063,5.11946443020541,4.10196356576328,5.09552388359081,6.653935837886,5.29640004392285,3.45545436464878,4.7898090625435,5.04969648637675,4.32404174764992,4.89258709303116,5.20012405965278,5.50681245528944,4.56115202913649,6.68986944229836,4.98287003855733,"LOC132725056",65.0146640967644,-1.26957540867184,0.269298248893323,-4.71438419629219,2.42442838170289e-06,0.00392930571291703,"NW_026864281.1",197176,248330,"","minus","serine-rich adhesin for platelets-like",132725056,"protein-coding","XM_060710048.1","serine-rich adhesin for platelets-like, transcript variant X1","XP_060566031.1","serine-rich adhesin for platelets-like isoform X1",2552,"","E9Q3S4","E9Q3S4","reviewed","M3K19_MOUSE","Mitogen-activated protein kinase kinase kinase 19 (EC 2.7.11.1) (SPS1/STE20-related protein kinase YSK4)","Map3k19 Ysk4","Mus musculus (Mouse)",1311,"GO:0004672; GO:0004674; GO:0005524; GO:0007165; GO:0106310","signal transduction [GO:0007165]","ATP binding [GO:0005524]; protein kinase activity [GO:0004672]; protein serine kinase activity [GO:0106310]; protein serine/threonine kinase activity [GO:0004674]; signal transduction [GO:0007165]","ATP binding [GO:0005524]; protein kinase activity [GO:0004672]; protein serine kinase activity [GO:0106310]; protein serine/threonine kinase activity [GO:0004674]","","","",""
"7",5.24159598422041,7.21969968741861,6.57607361384974,6.55808063589353,6.62532524761938,7.51110334330479,6.70908071913275,6.50169030971852,5.39822533580014,5.66726586390156,6.84648959907508,6.66301605773271,5.48983013730615,6.54044595221937,6.66387458214037,5.38156965309779,3.95134938841371,5.59738245960459,6.10041844004443,5.71324284723093,5.31766206325333,5.43342985993524,4.89854673283465,5.57616952598286,6.01254494560914,5.50728175904101,5.1136558433603,5.3130686164518,6.07292808228671,4.98287003855733,"LOC132731011",68.0791761662495,-1.07916372921116,0.225240938666448,-4.79115269009446,1.65825867257475e-06,0.00392930571291703,"NW_026866018.1",237425,255410,"","minus","uncharacterized LOC132731011",132731011,"protein-coding","XM_060717109.1","uncharacterized LOC132731011","XP_060573092.1","uncharacterized protein LOC132731011",3185,"","Q8ND82","Q8ND82","reviewed","Z280C_HUMAN","Zinc finger protein 280C (Suppressor of hairy wing homolog 3) (Zinc finger protein 633)","ZNF280C SUHW3 ZNF633","Homo sapiens (Human)",737,"GO:0000978; GO:0000981; GO:0005634; GO:0006355; GO:0046872","regulation of DNA-templated transcription [GO:0006355]","nucleus [GO:0005634]; DNA-binding transcription factor activity, RNA polymerase II-specific [GO:0000981]; metal ion binding [GO:0046872]; RNA polymerase II cis-regulatory region sequence-specific DNA binding [GO:0000978]; regulation of DNA-templated transcription [GO:0006355]","DNA-binding transcription factor activity, RNA polymerase II-specific [GO:0000981]; metal ion binding [GO:0046872]; RNA polymerase II cis-regulatory region sequence-specific DNA binding [GO:0000978]","nucleus [GO:0005634]","","",""
"8",11.4758534478572,11.9594720781156,12.0784071813924,12.08206966376,12.1422575223214,12.3287301575471,11.7627951677607,12.0954531085737,11.1655830938054,11.5438283095387,11.5802486426755,11.9402853914496,11.2686015623526,11.7036329313165,12.0496816751732,11.3047692906666,10.5733595071879,11.3449832978353,11.6848725340255,11.4477008137154,10.8736776581153,11.0838662245366,10.5905952748233,11.4977157153396,11.5063037523245,10.4990092307387,11.2210694576861,11.0285497195052,11.6508714265395,11.0040994618137,"LOC132741452",3020.53903848456,-0.647583624273191,0.141871981770978,-4.56456318005465,5.00535447344538e-06,0.00709821831265472,"NW_026854897.1",126228,142184,"","plus","rho GTPase-activating protein gacU-like",132741452,"protein-coding","XM_060729614.1","rho GTPase-activating protein gacU-like, transcript variant X1","XP_060585597.1","rho GTPase-activating protein gacU-like isoform X1",1319,"","Q6P4F7","Q6P4F7","reviewed","RHGBA_HUMAN","Rho GTPase-activating protein 11A (Rho-type GTPase-activating protein 11A)","ARHGAP11A KIAA0013","Homo sapiens (Human)",1023,"GO:0005096; GO:0005634; GO:0005829; GO:0007165; GO:0043547; GO:0051056","positive regulation of GTPase activity [GO:0043547]; regulation of small GTPase mediated signal transduction [GO:0051056]; signal transduction [GO:0007165]","cytosol [GO:0005829]; nucleus [GO:0005634]; GTPase activator activity [GO:0005096]; positive regulation of GTPase activity [GO:0043547]; regulation of small GTPase mediated signal transduction [GO:0051056]; signal transduction [GO:0007165]","GTPase activator activity [GO:0005096]","cytosol [GO:0005829]; nucleus [GO:0005634]","","",""
"9",6.78894597056748,6.56053851135742,6.18847376690153,5.32229623035555,7.54204813926988,8.80338737607207,5.65097756309619,5.74978351498054,5.71986259590019,5.31278434909275,5.26256341892958,6.61404392223283,4.75015259406111,5.62832864395474,7.31501168612974,4.5551047869764,4.58381274233492,5.51001590123285,5.80754841990742,5.57519796943306,4.85375651532374,4.84661503028603,4.72968769696682,5.88149180844907,5.60999309731869,5.12998542110997,5.39969072702169,3.71270292550082,5.71646816854923,4.34203571697009,"LOC132742068",68.0492010706692,-1.48450937787495,0.334765575046984,-4.43447441591508,9.22971790900318e-06,0.0113021819506146,"NW_026851542.1",29,4932,"","minus","serine/threonine-protein kinase PRP4 homolog",132742068,"protein-coding","XM_060730391.1","serine/threonine-protein kinase PRP4 homolog","XP_060586374.1","serine/threonine-protein kinase PRP4 homolog",732,"",NA,NA,NA,NA,NA,NA,NA,NA,NA,NA,NA,NA,NA,NA,NA,NA
"10",3.47628301139099,2.96962051036168,4.24663006618468,2.65294986207249,3.59479627134138,2.62839287689858,4.03472794385194,4.97293853404569,4.89359965214429,2.70825924237838,2.94683766332289,2.95685338321665,3.74335033399174,2.81927838592411,3.70088554225551,6.88105970682698,5.16578707536409,4.38641806954729,3.76615921547824,4.41589687817428,4.6396558850305,5.39585772278979,4.72968769696682,4.75216394143393,4.9254044711835,7.71055455670752,3.27454267567575,4.98555204050175,4.05818669857022,4.17091727472288,"LOC132727777",27.0503605127884,1.80227353190468,0.408172496525918,4.41547029073342,1.00790622534369e-05,0.0113021819506146,"NW_026852900.1",369490,389015,"","minus","mitochondrial-processing peptidase subunit alpha-like",132727777,"protein-coding","XM_060713360.1","mitochondrial-processing peptidase subunit alpha-like","XP_060569343.1","mitochondrial-processing peptidase subunit alpha-like",498,"","Q9DC61","Q9DC61","reviewed","MPPA_MOUSE","Mitochondrial-processing peptidase subunit alpha (Alpha-MPP) (Inactive zinc metalloprotease alpha) (P-55)","Pmpca Inpp5e","Mus musculus (Mouse)",524,"GO:0004175; GO:0004222; GO:0005739; GO:0005743; GO:0005759; GO:0006627; GO:0016485; GO:0046872","protein processing [GO:0016485]; protein processing involved in protein targeting to mitochondrion [GO:0006627]","mitochondrial inner membrane [GO:0005743]; mitochondrial matrix [GO:0005759]; mitochondrion [GO:0005739]; endopeptidase activity [GO:0004175]; metal ion binding [GO:0046872]; metalloendopeptidase activity [GO:0004222]; protein processing [GO:0016485]; protein processing involved in protein targeting to mitochondrion [GO:0006627]","endopeptidase activity [GO:0004175]; metal ion binding [GO:0046872]; metalloendopeptidase activity [GO:0004222]","mitochondrial inner membrane [GO:0005743]; mitochondrial matrix [GO:0005759]; mitochondrion [GO:0005739]","","",""
"11",7.24809589654425,9.61362932399224,7.5770102986508,9.99887202033499,8.73521302852294,10.1840946401302,9.36338625105338,9.07546520804511,7.93194351568998,9.06531517252896,8.72385649989253,9.11515844912518,8.36122972098318,8.31489614844031,9.76791451419026,6.83804079282861,8.16910041511624,7.65849455498724,7.79555940047944,7.53380650252728,7.77043148651817,6.2370685327417,7.54161083247675,8.38749230892918,8.6418327089543,8.22966264104467,8.32625025879184,6.8435210298491,8.11064200845067,8.73191449892528,"LOC132730403",394.912227653451,-1.16780524600819,0.265570740536152,-4.39734152810111,1.09584840420239e-05,0.0113021819506146,"NW_026865813.1",130587,142069,"","plus","coiled-coil domain-containing protein 112-like",132730403,"protein-coding","XM_060716319.1","coiled-coil domain-containing protein 112-like","XP_060572302.1","coiled-coil domain-containing protein 112-like",486,"","Q8NEF3","Q8NEF3","reviewed","CC112_HUMAN","Coiled-coil domain-containing protein 112 (Mutated in bladder cancer protein 1)","CCDC112 MBC1","Homo sapiens (Human)",446,"GO:0005737; GO:0034451","","centriolar satellite [GO:0034451]; cytoplasm [GO:0005737]","","centriolar satellite [GO:0034451]; cytoplasm [GO:0005737]","","",""
"12",9.45293783884785,10.3051050454332,11.1894588213366,9.10099468424546,9.88415715645917,11.3995635213936,10.1829135777041,11.5013944231451,9.23435697504204,10.2525221303299,10.3010716194713,10.3798517038176,8.77887502517281,10.2823149818171,10.9643640239143,8.59011659172492,8.68685913514113,9.33292231535743,9.87585017935458,9.93840435365856,9.29941209895604,9.15987412506838,8.5630887882318,10.1604882771492,9.14341566440552,8.81999988688569,9.92440647074087,8.95165692936212,9.49627886757817,9.38834840075965,"LOC132758583",1019.73547764913,-1.0530709832914,0.241868664665507,-4.35389588290715,1.33739243739443e-05,0.0126439310018665,"NW_026859998.1",245165,290464,"","minus","centromere-associated protein E-like",132758583,"protein-coding","XM_060750272.1","centromere-associated protein E-like","XP_060606255.1","centromere-associated protein E-like",2464,"","Q02224","Q02224","reviewed","CENPE_HUMAN","Centromere-associated protein E (Centromere protein E) (CENP-E) (Kinesin-7) (Kinesin-related protein CENPE)","CENPE","Homo sapiens (Human)",2701,"GO:0000278; GO:0000775; GO:0000776; GO:0000779; GO:0003777; GO:0005524; GO:0005634; GO:0005694; GO:0005828; GO:0005829; GO:0005874; GO:0007018; GO:0007052; GO:0007059; GO:0007079; GO:0007080; GO:0008017; GO:0015630; GO:0016020; GO:0030071; GO:0030496; GO:0043231; GO:0043515; GO:0045171; GO:0045860; GO:0051233; GO:0051301; GO:0051310; GO:0051315; GO:0051382; GO:0072686; GO:0099606; GO:0099607; GO:1990023","attachment of mitotic spindle microtubules to kinetochore [GO:0051315]; cell division [GO:0051301]; chromosome segregation [GO:0007059]; kinetochore assembly [GO:0051382]; lateral attachment of mitotic spindle microtubules to kinetochore [GO:0099607]; metaphase chromosome alignment [GO:0051310]; microtubule plus-end directed mitotic chromosome migration [GO:0099606]; microtubule-based movement [GO:0007018]; mitotic cell cycle [GO:0000278]; mitotic chromosome movement towards spindle pole [GO:0007079]; mitotic metaphase chromosome alignment [GO:0007080]; mitotic spindle organization [GO:0007052]; positive regulation of protein kinase activity [GO:0045860]; regulation of mitotic metaphase/anaphase transition [GO:0030071]","chromosome [GO:0005694]; chromosome, centromeric region [GO:0000775]; condensed chromosome, centromeric region [GO:0000779]; cytosol [GO:0005829]; intercellular bridge [GO:0045171]; intracellular membrane-bounded organelle [GO:0043231]; kinetochore [GO:0000776]; kinetochore microtubule [GO:0005828]; membrane [GO:0016020]; microtubule [GO:0005874]; microtubule cytoskeleton [GO:0015630]; midbody [GO:0030496]; mitotic spindle [GO:0072686]; mitotic spindle midzone [GO:1990023]; nucleus [GO:0005634]; spindle midzone [GO:0051233]; ATP binding [GO:0005524]; kinetochore binding [GO:0043515]; microtubule binding [GO:0008017]; microtubule motor activity [GO:0003777]; attachment of mitotic spindle microtubules to kinetochore [GO:0051315]; cell division [GO:0051301]; chromosome segregation [GO:0007059]; kinetochore assembly [GO:0051382]; lateral attachment of mitotic spindle microtubules to kinetochore [GO:0099607]; metaphase chromosome alignment [GO:0051310]; microtubule plus-end directed mitotic chromosome migration [GO:0099606]; microtubule-based movement [GO:0007018]; mitotic cell cycle [GO:0000278]; mitotic chromosome movement towards spindle pole [GO:0007079]; mitotic metaphase chromosome alignment [GO:0007080]; mitotic spindle organization [GO:0007052]; positive regulation of protein kinase activity [GO:0045860]; regulation of mitotic metaphase/anaphase transition [GO:0030071]","ATP binding [GO:0005524]; kinetochore binding [GO:0043515]; microtubule binding [GO:0008017]; microtubule motor activity [GO:0003777]","chromosome [GO:0005694]; chromosome, centromeric region [GO:0000775]; condensed chromosome, centromeric region [GO:0000779]; cytosol [GO:0005829]; intercellular bridge [GO:0045171]; intracellular membrane-bounded organelle [GO:0043231]; kinetochore [GO:0000776]; kinetochore microtubule [GO:0005828]; membrane [GO:0016020]; microtubule [GO:0005874]; microtubule cytoskeleton [GO:0015630]; midbody [GO:0030496]; mitotic spindle [GO:0072686]; mitotic spindle midzone [GO:1990023]; nucleus [GO:0005634]; spindle midzone [GO:0051233]","","",""
"13",4.05782091428591,4.42625837079495,3.47448702896128,4.18514812629599,5.29585266177374,4.25865369901668,4.03472794385194,3.78683192744079,4.79752659944989,5.23009357583218,3.2672176714129,4.75112976298344,4.0680031828056,4.43279344139471,4.70593976988204,5.32037115563929,4.58381274233492,5.09552388359081,3.17343589100039,6.40561516534841,4.51937689190304,5.31764408613801,6.66508954872767,6.47940617892739,5.29543095963242,5.05626186669637,5.54082221898766,5.55525479287635,6.48259787578256,4.93017590836039,"LOC132755646",34.1310851017649,1.22460677686533,0.290625334803271,4.21369588337605,2.51225506656314e-05,0.0213821638454129,"NW_026859218.1",18771,25766,"","plus","uncharacterized LOC132755646",132755646,"protein-coding","XM_060746537.1","uncharacterized LOC132755646, transcript variant X1","XP_060602520.1","uncharacterized protein LOC132755646 isoform X1",361,"",NA,NA,NA,NA,NA,NA,NA,NA,NA,NA,NA,NA,NA,NA,NA,NA
"14",5.74113994582565,6.37503281669562,6.25367694840596,6.72066173471132,5.33238538823274,5.89027377198114,6.32194732940617,6.23674321789356,5.71986259590019,4.78500463306525,6.78511159103645,6.38022417076646,6.31942253888711,6.46330423980028,7.20193534066581,5.00744151959683,4.98373124162897,4.97019130734153,5.40107178925064,5.92697927493662,5.16567114168046,5.60787991208332,5.01336757974898,5.62755654525452,5.48347672341949,6.35961899328298,4.28083608680145,4.51094626624461,5.37600850792124,5.53500652585321,"LOC132759372",58.4700840984085,-0.921853011999923,0.219352770494071,-4.20260482657019,2.63860990600071e-05,0.0213821638454129,"NW_026860247.1",231578,253644,"","plus","golgin subfamily A member 1-like",132759372,"protein-coding","XM_060751137.1","golgin subfamily A member 1-like","XP_060607120.1","golgin subfamily A member 1-like",909,"","Q92805","Q92805","reviewed","GOGA1_HUMAN","Golgin subfamily A member 1 (Golgin-97)","GOLGA1","Homo sapiens (Human)",767,"GO:0000139; GO:0001669; GO:0005794; GO:0005802; GO:0005829; GO:0048471","","acrosomal vesicle [GO:0001669]; cytosol [GO:0005829]; Golgi apparatus [GO:0005794]; Golgi membrane [GO:0000139]; perinuclear region of cytoplasm [GO:0048471]; trans-Golgi network [GO:0005802]","","acrosomal vesicle [GO:0001669]; cytosol [GO:0005829]; Golgi apparatus [GO:0005794]; Golgi membrane [GO:0000139]; perinuclear region of cytoplasm [GO:0048471]; trans-Golgi network [GO:0005802]","","",""
"15",5.76576581085496,6.27249358318002,7.17854897783705,5.93471197400108,5.43674068743548,5.82581631098345,6.12393903087845,6.7144970666278,6.65219426677003,6.23214979046188,7.61886416282954,7.28031805467425,5.56041298091419,5.51821679990737,4.64431984398843,4.88598236547629,3.37331148156434,5.01319004205134,5.89349523216449,4.8342562264397,4.94996208246053,4.7898090625435,4.43233883017159,5.7485450295947,5.24432348837883,6.14524036212439,6.24485149976426,4.03038610933582,5.24197484734744,4.63327648759653,"LOC132752133",59.5327419214334,-1.19844341648617,0.288572159681207,-4.15301121844228,3.28128645879184e-05,0.0248174632499956,"NW_026858111.1",8763,73360,"","plus","uncharacterized LOC132752133",132752133,"protein-coding","XM_060742416.1","uncharacterized LOC132752133, transcript variant X1","XP_060598399.1","uncharacterized protein LOC132752133 isoform X1",981,"","Q071E0","Q071E0","reviewed","KT5AA_DANRE","N-lysine methyltransferase KMT5A-A (EC 2.1.1.-) (Histone-lysine N-methyltransferase KMT5A-A) (EC 2.1.1.361) (Lysine-specific methylase 5A-A) (SET domain-containing protein 8-A)","kmt5aa set8a setd8 setd8a zgc:153719","Danio rerio (Zebrafish) (Brachydanio rerio)",344,"GO:0005634; GO:0005700; GO:0006357; GO:0009953; GO:0010628; GO:0032259; GO:0042054; GO:0042799; GO:0043516; GO:0051301; GO:0140944","cell division [GO:0051301]; dorsal/ventral pattern formation [GO:0009953]; methylation [GO:0032259]; positive regulation of gene expression [GO:0010628]; regulation of DNA damage response, signal transduction by p53 class mediator [GO:0043516]; regulation of transcription by RNA polymerase II [GO:0006357]","nucleus [GO:0005634]; polytene chromosome [GO:0005700]; histone H4K20 methyltransferase activity [GO:0042799]; histone H4K20 monomethyltransferase activity [GO:0140944]; histone methyltransferase activity [GO:0042054]; cell division [GO:0051301]; dorsal/ventral pattern formation [GO:0009953]; methylation [GO:0032259]; positive regulation of gene expression [GO:0010628]; regulation of DNA damage response, signal transduction by p53 class mediator [GO:0043516]; regulation of transcription by RNA polymerase II [GO:0006357]","histone H4K20 methyltransferase activity [GO:0042799]; histone H4K20 monomethyltransferase activity [GO:0140944]; histone methyltransferase activity [GO:0042054]","nucleus [GO:0005634]; polytene chromosome [GO:0005700]","","",""
"16",8.6395318428401,8.76080565623754,8.9626129697809,7.60041450805275,8.14511273087105,9.29802446331181,8.67354648673975,8.49610829092668,7.84449636812946,8.4591843703164,9.59915336889145,8.46707682066436,7.85064954611469,9.1281390997895,8.9899410308386,8.35478659709088,6.5112978073172,7.9460860115812,7.67938289357199,7.88006057187981,7.87828603488822,7.80206017831835,7.03489018992228,7.03061619769936,8.41220752143528,7.81482981901074,8.50915959131953,8.03226415812532,8.07165916113982,7.76569626272086,"LOC132722176",323.076797787057,-0.829169685458485,0.201047224846379,-4.12425332452143,3.71939362533807e-05,0.0263728254246627,"NW_026863477.1",156982,165426,"","minus","RING finger protein PFF0165c-like",132722176,"protein-coding","XM_060706624.1","RING finger protein PFF0165c-like","XP_060562607.1","RING finger protein PFF0165c-like",1020,"",NA,NA,NA,NA,NA,NA,NA,NA,NA,NA,NA,NA,NA,NA,NA,NA
"17",8.5395406667533,10.284174784412,9.01996010766101,9.10965421518198,8.88721864793739,10.5385098239208,9.6049216139601,9.68570329751227,8.81399215574529,9.55804632936137,9.73194100747651,9.79482024055833,8.62682573322078,9.55961940558251,10.6805224705621,8.40354929343618,8.52960716575613,9.16671948582292,9.05106560760338,9.03016006185041,8.59554855343275,8.68661231138949,8.34655628700785,9.32240648627198,8.74425136647388,8.62979758119813,8.68293421781847,7.88235502811057,9.42460887333247,8.86770912199868,"LOC132752300",622.808393408431,-0.834741973672866,0.203949038552639,-4.09289487019289,4.26020903121184e-05,0.0279054739903165,"NW_026858154.1",11861,35801,"","minus","uncharacterized protein PF3D7_1120600-like",132752300,"protein-coding","XM_060742609.1","uncharacterized protein PF3D7_1120600-like, transcript variant X1","XP_060598592.1","uncharacterized protein PF3D7_1120600-like",3239,"",NA,NA,NA,NA,NA,NA,NA,NA,NA,NA,NA,NA,NA,NA,NA,NA
"18",8.38121067997258,9.93896025443349,9.1766751324705,8.61869989386208,9.64733563242335,9.98449338052788,9.86352192670844,9.04519397799388,8.53369418578416,8.7537127521837,8.81572989571879,9.219791034437,9.15463360010142,9.29881872693685,9.72762933315152,8.4471434880405,7.85055446869773,8.36658521081217,9.07578721803939,9.1686133591936,8.66097112769792,8.47770593825267,8.26392536900775,8.63670028295157,8.63688742215072,8.13435671930199,8.8516225685527,8.72818134293943,8.67935062988517,8.59897630254438,"LOC132734395",509.426124325621,-0.693437512273414,0.169795422539361,-4.08395881292186,4.4274881606496e-05,0.0279054739903165,"NW_026866981.1",133828,198566,"","plus","thyroid receptor-interacting protein 11-like",132734395,"protein-coding","XM_060721129.1","thyroid receptor-interacting protein 11-like, transcript variant X1","XP_060577112.1","thyroid receptor-interacting protein 11-like isoform X1",2496,"","Q15643","Q15643","reviewed","TRIPB_HUMAN","Thyroid receptor-interacting protein 11 (TR-interacting protein 11) (TRIP-11) (Clonal evolution-related gene on chromosome 14 protein) (Golgi-associated microtubule-binding protein 210) (GMAP-210) (Trip230)","TRIP11 CEV14","Homo sapiens (Human)",1979,"GO:0000139; GO:0002079; GO:0002081; GO:0003281; GO:0003413; GO:0003713; GO:0005793; GO:0005794; GO:0005801; GO:0005856; GO:0006366; GO:0006486; GO:0006888; GO:0007030; GO:0030133; GO:0031267; GO:0033116; GO:0051216; GO:0060122; GO:0071806; GO:0090161; GO:0099041","cartilage development [GO:0051216]; chondrocyte differentiation involved in endochondral bone morphogenesis [GO:0003413]; endoplasmic reticulum to Golgi vesicle-mediated transport [GO:0006888]; Golgi organization [GO:0007030]; Golgi ribbon formation [GO:0090161]; inner ear receptor cell stereocilium organization [GO:0060122]; protein glycosylation [GO:0006486]; protein transmembrane transport [GO:0071806]; transcription by RNA polymerase II [GO:0006366]; ventricular septum development [GO:0003281]; vesicle tethering to Golgi [GO:0099041]","cis-Golgi network [GO:0005801]; cytoskeleton [GO:0005856]; endoplasmic reticulum-Golgi intermediate compartment [GO:0005793]; endoplasmic reticulum-Golgi intermediate compartment membrane [GO:0033116]; Golgi apparatus [GO:0005794]; Golgi membrane [GO:0000139]; inner acrosomal membrane [GO:0002079]; outer acrosomal membrane [GO:0002081]; transport vesicle [GO:0030133]; small GTPase binding [GO:0031267]; transcription coactivator activity [GO:0003713]; cartilage development [GO:0051216]; chondrocyte differentiation involved in endochondral bone morphogenesis [GO:0003413]; endoplasmic reticulum to Golgi vesicle-mediated transport [GO:0006888]; Golgi organization [GO:0007030]; Golgi ribbon formation [GO:0090161]; inner ear receptor cell stereocilium organization [GO:0060122]; protein glycosylation [GO:0006486]; protein transmembrane transport [GO:0071806]; transcription by RNA polymerase II [GO:0006366]; ventricular septum development [GO:0003281]; vesicle tethering to Golgi [GO:0099041]","small GTPase binding [GO:0031267]; transcription coactivator activity [GO:0003713]","cis-Golgi network [GO:0005801]; cytoskeleton [GO:0005856]; endoplasmic reticulum-Golgi intermediate compartment [GO:0005793]; endoplasmic reticulum-Golgi intermediate compartment membrane [GO:0033116]; Golgi apparatus [GO:0005794]; Golgi membrane [GO:0000139]; inner acrosomal membrane [GO:0002079]; outer acrosomal membrane [GO:0002081]; transport vesicle [GO:0030133]","","","TISSUE SPECIFICITY: Highly expressed in pancreas, muscle, heart, testis, peripheral blood leukocytes, and in several leukemia cell lines. Detected at intermediate levels in placenta and kidney, and at low levels in brain and lung. Isoform 1 and isoform 2 are expressed in articular chondrocytes (PubMed:30728324). {ECO:0000269|PubMed:10189370, ECO:0000269|PubMed:30728324, ECO:0000269|PubMed:9373237}."
"19",6.82454469051101,7.67045288681639,7.75268915287698,6.55808063589353,6.72486819018625,6.45650086699102,3.94146602784668,7.07278668054533,5.39822533580014,7.20097323651387,6.64011846500921,7.36168293258353,6.19183212565315,7.09488291298853,7.12507083107917,5.83973323887097,5.02202676850865,6.22819173499876,5.65184279642253,5.80874551922625,6.12497003569912,4.46643427513387,6.74480784010104,5.35009352931983,4.85900579828908,4.93809214995363,6.28553819402933,4.56115202913649,6.66389428304776,5.34679963212033,"LOC132759052",85.2613624513765,-1.13705378564853,0.280629859034992,-4.05179188543422,5.08268662591972e-05,0.0288315398855296,"NW_026860152.1",724,4153,"","plus","E3 ubiquitin-protein ligase Bre1-like",132759052,"protein-coding","XM_060750776.1","E3 ubiquitin-protein ligase Bre1-like","XP_060606759.1","E3 ubiquitin-protein ligase Bre1-like",94,"","Q9VRP9","Q9VRP9","reviewed","BRE1_DROME","E3 ubiquitin-protein ligase Bre1 (EC 2.3.2.27) (RING-type E3 ubiquitin transferase Bre1) (dBre1)","Bre1 CG10542","Drosophila melanogaster (Fruit fly)",1044,"GO:0000785; GO:0005634; GO:0006325; GO:0006513; GO:0007219; GO:0008270; GO:0031452; GO:0033503; GO:0045893; GO:0061630","chromatin organization [GO:0006325]; negative regulation of heterochromatin formation [GO:0031452]; Notch signaling pathway [GO:0007219]; positive regulation of DNA-templated transcription [GO:0045893]; protein monoubiquitination [GO:0006513]","chromatin [GO:0000785]; HULC complex [GO:0033503]; nucleus [GO:0005634]; ubiquitin protein ligase activity [GO:0061630]; zinc ion binding [GO:0008270]; chromatin organization [GO:0006325]; negative regulation of heterochromatin formation [GO:0031452]; Notch signaling pathway [GO:0007219]; positive regulation of DNA-templated transcription [GO:0045893]; protein monoubiquitination [GO:0006513]","ubiquitin protein ligase activity [GO:0061630]; zinc ion binding [GO:0008270]","chromatin [GO:0000785]; HULC complex [GO:0033503]; nucleus [GO:0005634]","","",""
"20",7.75806683378818,8.50448130351276,8.22865543738334,7.93651485506851,8.65815621603741,7.85586438654998,8.10296651534683,8.01928765788159,8.09743419817624,7.8534316346455,6.52469108497705,7.42929733642613,8.69508181085868,8.0505715848693,8.29050027406114,9.47697276235927,9.24356244415379,8.6616921649892,9.51145524129596,7.88006057187981,9.03729188392606,8.25448918592299,8.76777333186516,9.04375530478582,8.90096867189511,8.35793447534648,7.86484645261117,8.34325988689403,9.05155094733188,8.96913927597085,"LOC132732296",363.543263753277,0.764665025616848,0.188525515578429,4.05602935640157,4.9913988746124e-05,0.0288315398855296,"NW_026866367.1",10368,59550,"","plus","ATP-dependent 6-phosphofructokinase, muscle type-like",132732296,"protein-coding","XM_060718686.1","ATP-dependent 6-phosphofructokinase, muscle type-like, transcript variant X1","XP_060574669.1","ATP-dependent 6-phosphofructokinase, muscle type-like isoform X1",824,"","Q867C9","Q867C9","reviewed","PFKAM_HORSE","ATP-dependent 6-phosphofructokinase, muscle type (ATP-PFK) (PFK-M) (EC 2.7.1.11) (6-phosphofructokinase type A) (Phosphofructo-1-kinase isozyme A) (PFK-A) (Phosphohexokinase)","PFKM","Equus caballus (Horse)",780,"GO:0003872; GO:0005524; GO:0005945; GO:0006002; GO:0016020; GO:0016208; GO:0030388; GO:0042802; GO:0046872; GO:0048029; GO:0061621; GO:0070095","canonical glycolysis [GO:0061621]; fructose 1,6-bisphosphate metabolic process [GO:0030388]; fructose 6-phosphate metabolic process [GO:0006002]","6-phosphofructokinase complex [GO:0005945]; membrane [GO:0016020]; 6-phosphofructokinase activity [GO:0003872]; AMP binding [GO:0016208]; ATP binding [GO:0005524]; fructose-6-phosphate binding [GO:0070095]; identical protein binding [GO:0042802]; metal ion binding [GO:0046872]; monosaccharide binding [GO:0048029]; canonical glycolysis [GO:0061621]; fructose 1,6-bisphosphate metabolic process [GO:0030388]; fructose 6-phosphate metabolic process [GO:0006002]","6-phosphofructokinase activity [GO:0003872]; AMP binding [GO:0016208]; ATP binding [GO:0005524]; fructose-6-phosphate binding [GO:0070095]; identical protein binding [GO:0042802]; metal ion binding [GO:0046872]; monosaccharide binding [GO:0048029]","6-phosphofructokinase complex [GO:0005945]; membrane [GO:0016020]","","",""
"21",8.79117313445345,9.95725661101791,9.38987606806447,8.87178608567915,9.22745233554817,9.43126347015418,9.272967274261,9.82457603838027,8.13722911404584,9.40390008119423,9.35491343315273,9.65252724232552,9.07248806262798,9.13125962006269,9.72762933315152,8.8202869017771,8.39016674963452,8.31166776966403,8.88614712488401,8.49204484473845,8.99281247359028,8.78798789681583,8.35746617227471,8.8409941366937,9.02538822185723,8.73099552346592,8.98112177418078,8.85434417014982,9.17162765617655,8.37579716149837,"LOC132729677",540.891416070394,-0.586745791760044,0.145536225839196,-4.0316133552092,5.53952671242045e-05,0.0299266335963857,"NW_026865596.1",59541,97625,"","plus","transcriptional regulator ATRX-like",132729677,"protein-coding","XM_060715486.1","transcriptional regulator ATRX-like, transcript variant X1","XP_060571469.1","transcriptional regulator ATRX-like isoform X1",1783,"","O43303","O43303","reviewed","CP110_HUMAN","Centriolar coiled-coil protein of 110 kDa (Centrosomal protein of 110 kDa) (CP110) (Cep110)","CCP110 CEP110 CP110 KIAA0419","Homo sapiens (Human)",1012,"GO:0005813; GO:0005814; GO:0005829; GO:0005929; GO:0007099; GO:0032053; GO:0032465; GO:0032991; GO:0045724; GO:0051298; GO:1902018; GO:1903723","centriole replication [GO:0007099]; centrosome duplication [GO:0051298]; ciliary basal body organization [GO:0032053]; negative regulation of centriole elongation [GO:1903723]; negative regulation of cilium assembly [GO:1902018]; positive regulation of cilium assembly [GO:0045724]; regulation of cytokinesis [GO:0032465]","centriole [GO:0005814]; centrosome [GO:0005813]; cilium [GO:0005929]; cytosol [GO:0005829]; protein-containing complex [GO:0032991]; centriole replication [GO:0007099]; centrosome duplication [GO:0051298]; ciliary basal body organization [GO:0032053]; negative regulation of centriole elongation [GO:1903723]; negative regulation of cilium assembly [GO:1902018]; positive regulation of cilium assembly [GO:0045724]; regulation of cytokinesis [GO:0032465]","","centriole [GO:0005814]; centrosome [GO:0005813]; cilium [GO:0005929]; cytosol [GO:0005829]; protein-containing complex [GO:0032991]","","INDUCTION: Up-regulated during the transition from G1 to S phase of the cell cycle. The highest levels are observed in S phase, after which the levels decrease markedly. {ECO:0000269|PubMed:12361598}.","TISSUE SPECIFICITY: Highly expressed in testis. Detected at intermediate levels in spleen, thymus, prostate, small intestine, colon and peripheral blood leukocytes. {ECO:0000269|PubMed:12361598}."
"22",7.70174985842754,7.03157969891438,6.82519099770827,6.79126103919072,7.40297825703175,6.90950269031834,7.21667073340651,7.33116926830359,7.71898973959408,6.91364395465176,7.23409758910895,6.214897484094,7.21512594108774,7.06907957592303,6.64826361109514,7.6003059081701,7.56302664689779,7.63115113228887,7.60490365552814,8.00630251373909,7.87828603488822,7.86528472748909,7.52235014237255,7.29975228815337,7.50323242545073,7.82596407928753,7.60840487411296,7.98706870653708,7.41346078848765,7.2993356792356,"LOC132728236",169.997079347771,0.527530412337545,0.133326026165158,3.95669493429636,7.59938783652343e-05,0.0313794202426779,"NW_026852917.1",8177,23998,"","plus","elongin-C",132728236,"protein-coding","XM_060713845.1","elongin-C, transcript variant X1","XP_060569828.1","elongin-C",119,"","P83941","P83941","reviewed","ELOC_RAT","Elongin-C (EloC) (Elongin 15 kDa subunit) (RNA polymerase II transcription factor SIII subunit C) (SIII p15) (Stromal membrane-associated protein SMAP1B homolog) (Transcription elongation factor B polypeptide 1)","Eloc Tceb1","Rattus norvegicus (Rat)",112,"GO:0001222; GO:0006367; GO:0006511; GO:0016567; GO:0030674; GO:0030891; GO:0031466; GO:0032968; GO:0044877; GO:0070449; GO:0140958","positive regulation of transcription elongation by RNA polymerase II [GO:0032968]; protein ubiquitination [GO:0016567]; target-directed miRNA degradation [GO:0140958]; transcription initiation at RNA polymerase II promoter [GO:0006367]; ubiquitin-dependent protein catabolic process [GO:0006511]","Cul5-RING ubiquitin ligase complex [GO:0031466]; elongin complex [GO:0070449]; VCB complex [GO:0030891]; protein-containing complex binding [GO:0044877]; protein-macromolecule adaptor activity [GO:0030674]; transcription corepressor binding [GO:0001222]; positive regulation of transcription elongation by RNA polymerase II [GO:0032968]; protein ubiquitination [GO:0016567]; target-directed miRNA degradation [GO:0140958]; transcription initiation at RNA polymerase II promoter [GO:0006367]; ubiquitin-dependent protein catabolic process [GO:0006511]","protein-containing complex binding [GO:0044877]; protein-macromolecule adaptor activity [GO:0030674]; transcription corepressor binding [GO:0001222]","Cul5-RING ubiquitin ligase complex [GO:0031466]; elongin complex [GO:0070449]; VCB complex [GO:0030891]","","",""
"23",6.03251507677308,7.11691485421094,8.56039932783618,7.11402873495373,9.16805265792783,8.70378346347428,7.81820728530043,7.61053932495238,6.52296840466252,7.12291240010368,6.84648959907508,8.21127435281414,6.77020109413821,7.80695434284618,7.56826369125144,7.30887449248793,6.07444573242135,6.35059475685588,7.39501577513334,6.95737018280173,6.56552615317499,6.80851002271444,6.19926601236445,6.50710958230949,7.33633623002972,6.51904047967579,6.5588264593537,6.05309521194727,6.76510149809647,7.24643794612277,"LOC132740341",163.843954885787,-1.0096084035897,0.254322849135896,-3.9697903944534,7.19358857464415e-05,0.0313794202426779,"NW_026854518.1",73530,83094,"","minus","uncharacterized LOC132740341",132740341,"protein-coding","XM_060728221.1","uncharacterized LOC132740341","XP_060584204.1","uncharacterized protein LOC132740341",1061,"",NA,NA,NA,NA,NA,NA,NA,NA,NA,NA,NA,NA,NA,NA,NA,NA
"24",5.31016832819786,5.22667326322869,4.74687427144112,4.70737121648096,6.01055747722451,5.36356016845028,5.2454790666736,4.49849359846243,5.4306145014113,4.72587748158884,5.58418069580008,5.07442203776411,6.37922149105535,4.85136060260292,4.82180504162031,6.48062391542965,6.21331541362103,6.87824618995938,6.7796410031024,5.00528681334729,7.58810415981451,4.39205274389477,5.50703140099785,5.11826833889251,6.41043984355123,5.66440373464332,7.96843891440087,5.3130686164518,6.99083120355832,5.76302565628581,"LOC132745166",62.7389259864658,1.19280898552925,0.29758218741327,4.00833462478965,6.11484361813087e-05,0.0313794202426779,"NW_026856025.1",329898,398929,"","minus","uncharacterized LOC132745166",132745166,"protein-coding","XM_060733992.1","uncharacterized LOC132745166","XP_060589975.1","uncharacterized protein LOC132745166",576,"",NA,NA,NA,NA,NA,NA,NA,NA,NA,NA,NA,NA,NA,NA,NA,NA
"25",6.95875621497265,7.15199644520364,7.31718183173584,7.40038637875088,7.58809732115364,7.58111601550974,7.4880159655654,6.50169030971852,7.15693722342077,7.48572872206587,6.83442112262033,7.28031805467425,7.04093895155307,7.52320437939439,7.82587332252183,6.30220409006433,5.29651129492512,6.46342001626307,6.68640379313905,6.87150040594742,6.72358621261318,6.35923102353314,6.29316946460723,7.12303578807219,7.40775273771406,6.14524036212439,6.80258460744161,5.90544890956395,6.90472964113191,6.97450047623593,"LOC132746437",128.099938520346,-0.68229062040306,0.171722651558812,-3.9732127020493,7.09096741899719e-05,0.0313794202426779,"NW_026856414.1",363669,377495,"","plus","uncharacterized LOC132746437",132746437,"protein-coding","XM_060735576.1","uncharacterized LOC132746437","XP_060591559.1","uncharacterized protein LOC132746437",1480,"","Q9C0G0","Q9C0G0","reviewed","ZN407_HUMAN","Zinc finger protein 407","ZNF407 KIAA1703","Homo sapiens (Human)",2248,"GO:0003677; GO:0005634; GO:0008270; GO:0045944","positive regulation of transcription by RNA polymerase II [GO:0045944]","nucleus [GO:0005634]; DNA binding [GO:0003677]; zinc ion binding [GO:0008270]; positive regulation of transcription by RNA polymerase II [GO:0045944]","DNA binding [GO:0003677]; zinc ion binding [GO:0008270]","nucleus [GO:0005634]","","",""
"26",9.02079346469821,9.77610644152612,10.2677582276456,9.8793892327107,9.70070947082015,10.6380646282516,10.1675516494192,9.59756133078941,10.2181612062917,9.84180021472738,9.63438391245491,10.2616138438649,10.052902475768,10.5139367499833,9.86396480816243,8.66587345166201,9.07621162971535,9.29639940490752,9.09102583165433,8.8988638004371,9.86136238465783,9.36822896789014,8.95180066315544,8.91265851182379,9.80121039144551,9.10689877559808,9.90821301941626,7.82186395522166,9.8829401540614,9.6034388424488,"LOC132713118",833.245160821139,-0.705057319509794,0.178397548025027,-3.9521693392943,7.74459027584823e-05,0.0313794202426779,"NW_026860702.1",54791,67696,"","minus","inhibitor of growth protein 5-like",132713118,"protein-coding","XM_060695590.1","inhibitor of growth protein 5-like, transcript variant X1","XP_060551573.1","inhibitor of growth protein 5-like isoform X1",250,"","Q8WYH8","Q8WYH8","reviewed","ING5_HUMAN","Inhibitor of growth protein 5 (p28ING5)","ING5","Homo sapiens (Human)",240,"GO:0000123; GO:0001558; GO:0003682; GO:0005634; GO:0005654; GO:0006275; GO:0006355; GO:0006473; GO:0008285; GO:0035064; GO:0043065; GO:0045926; GO:0046872; GO:0048144; GO:0048147; GO:0050793; GO:0051726; GO:0070776; GO:0097190; GO:0140889; GO:1903706; GO:2000278; GO:2001235","apoptotic signaling pathway [GO:0097190]; DNA replication-dependent chromatin disassembly [GO:0140889]; fibroblast proliferation [GO:0048144]; negative regulation of cell population proliferation [GO:0008285]; negative regulation of fibroblast proliferation [GO:0048147]; negative regulation of growth [GO:0045926]; positive regulation of apoptotic process [GO:0043065]; positive regulation of apoptotic signaling pathway [GO:2001235]; protein acetylation [GO:0006473]; regulation of cell cycle [GO:0051726]; regulation of cell growth [GO:0001558]; regulation of developmental process [GO:0050793]; regulation of DNA biosynthetic process [GO:2000278]; regulation of DNA replication [GO:0006275]; regulation of DNA-templated transcription [GO:0006355]; regulation of hemopoiesis [GO:1903706]","histone acetyltransferase complex [GO:0000123]; MOZ/MORF histone acetyltransferase complex [GO:0070776]; nucleoplasm [GO:0005654]; nucleus [GO:0005634]; chromatin binding [GO:0003682]; metal ion binding [GO:0046872]; methylated histone binding [GO:0035064]; apoptotic signaling pathway [GO:0097190]; DNA replication-dependent chromatin disassembly [GO:0140889]; fibroblast proliferation [GO:0048144]; negative regulation of cell population proliferation [GO:0008285]; negative regulation of fibroblast proliferation [GO:0048147]; negative regulation of growth [GO:0045926]; positive regulation of apoptotic process [GO:0043065]; positive regulation of apoptotic signaling pathway [GO:2001235]; protein acetylation [GO:0006473]; regulation of cell cycle [GO:0051726]; regulation of cell growth [GO:0001558]; regulation of developmental process [GO:0050793]; regulation of DNA biosynthetic process [GO:2000278]; regulation of DNA replication [GO:0006275]; regulation of DNA-templated transcription [GO:0006355]; regulation of hemopoiesis [GO:1903706]","chromatin binding [GO:0003682]; metal ion binding [GO:0046872]; methylated histone binding [GO:0035064]","histone acetyltransferase complex [GO:0000123]; MOZ/MORF histone acetyltransferase complex [GO:0070776]; nucleoplasm [GO:0005654]; nucleus [GO:0005634]","","","TISSUE SPECIFICITY: Down-regulated in bone marrow cells in acute myeloid leukemia patients as compared with normal bone marrow cells. {ECO:0000269|PubMed:21750715}."
"27",7.41307392390499,8.77962148932948,8.36276925157485,7.81045730450951,8.34160813041719,9.45276567303885,9.45270194924394,8.67055551423599,7.26865355470146,8.71242609061419,9.08639522703749,9.38701996934978,7.52852363724296,8.00366695803418,8.18084257993408,6.53550926897738,6.41385179617424,7.16234124605947,7.72698190004858,7.1880048893753,7.96142623035142,6.90527855226144,7.7491547165361,8.12233685583757,8.62194903183879,7.71654964582114,7.9558894045558,6.15468947254755,7.68286542908675,7.98175729222896,"LOC132722155",290.305574624331,-0.994853105754741,0.250297308622354,-3.97468558983095,7.04722910391894e-05,0.0313794202426779,"NW_026863469.1",7576,19671,"","plus","cylicin-1-like",132722155,"protein-coding","XM_060706598.1","cylicin-1-like","XP_060562581.1","cylicin-1-like",374,"",NA,NA,NA,NA,NA,NA,NA,NA,NA,NA,NA,NA,NA,NA,NA,NA
"28",4.34608020493279,5.03952187244298,4.74687427144112,5.03285543822816,5.50234007451268,4.15752448289372,4.49478330580404,5.04464039151959,5.29645211010488,6.9003352692485,6.10986952781987,6.17042604850679,4.97351415395905,4.58620943605031,6.37235276434563,5.08308145230009,3.7831586538444,4.17547695743514,4.09117998788941,5.29640004392285,1.99671955743814,3.59800435829553,4.93784451438427,3.80472871994134,3.20181470663915,4.51132873529954,3.27454267567575,2.73374212776537,4.8852686851375,4.42054043515821,"LOC132729160",30.7258004523078,-1.29578630653486,0.327015090391813,-3.9624663956098,7.41794506924579e-05,0.0313794202426779,"NW_026865466.1",93146,99601,"","plus","zinc finger protein 267-like",132729160,"protein-coding","XM_060714906.1","zinc finger protein 267-like, transcript variant X1","XP_060570889.1","zinc finger protein 267-like isoform X1",504,"","A2T736","A2T736","reviewed","ZKSC8_PANTR","Zinc finger protein with KRAB and SCAN domains 8 (Zinc finger protein 192)","ZKSCAN8 ZNF192","Pan troglodytes (Chimpanzee)",578,"GO:0000978; GO:0000981; GO:0005634; GO:0006357; GO:0046872","regulation of transcription by RNA polymerase II [GO:0006357]","nucleus [GO:0005634]; DNA-binding transcription factor activity, RNA polymerase II-specific [GO:0000981]; metal ion binding [GO:0046872]; RNA polymerase II cis-regulatory region sequence-specific DNA binding [GO:0000978]; regulation of transcription by RNA polymerase II [GO:0006357]","DNA-binding transcription factor activity, RNA polymerase II-specific [GO:0000981]; metal ion binding [GO:0046872]; RNA polymerase II cis-regulatory region sequence-specific DNA binding [GO:0000978]","nucleus [GO:0005634]","","",""
"29",3.21529946904567,2.14295277444784,4.32961539969839,5.41464187818187,4.40253297399287,4.81827192377094,5.70872232180801,5.66131442860845,2.75381381346591,4.30889299150434,3.75087322004032,4.33381576009965,3.1515533487697,4.43279344139471,3.57443380429882,4.50097394565709,3.59274028864321,5.28288482392861,7.14930761850751,5.00528681334729,8.26242518552364,5.95650603218878,4.58866043529325,5.79423548180938,7.56701698219161,5.97564086463947,3.69273031220181,5.55525479287635,4.74364812379676,4.07709133168071,"LOC132723766",45.1313235357299,1.70981324075677,0.435824296932962,3.92317099525952,8.73910790174669e-05,0.0341879928087297,"NW_026863904.1",288617,310241,"","minus","uncharacterized LOC132723766",132723766,"protein-coding","XM_060708544.1","uncharacterized LOC132723766","XP_060564527.1","uncharacterized protein LOC132723766",318,"",NA,NA,NA,NA,NA,NA,NA,NA,NA,NA,NA,NA,NA,NA,NA,NA
"30",2.89644221334511,2.74295863960213,0,0.732217065474416,2.59390505686215,5.26975948297781,2.61587280912319,1.37866791622993,1.95326120707533,2.70825924237838,2.75529734549945,1.08907850790642,2.95596926555292,3.24508942271456,3.43582447708096,2.98653166997171,4.53167695934523,4.68121337248197,5.09734552457693,5.10898992201973,5.31766206325333,3.94875615323764,1.79530368506241,5.77157112640973,3.73354198434308,4.76378109129519,2.68325919000405,5.80485588359897,5.20642614369315,2.46900964214573,"LOC132742094",15.7210118061738,1.87542005950473,0.480026962205962,3.90690566814464,9.34856291975485e-05,0.0353531487748729,"NW_026855094.1",196900,216609,"","minus","uncharacterized LOC132742094",132742094,"protein-coding","XM_060730394.1","uncharacterized LOC132742094, transcript variant X1","XP_060586377.1","uncharacterized protein LOC132742094 isoform X1",404,"",NA,NA,NA,NA,NA,NA,NA,NA,NA,NA,NA,NA,NA,NA,NA,NA
"31",6.52611810440034,7.35632303792812,6.47032109143372,7.31909034348406,7.44529090009799,9.03485444472767,7.64415658751405,7.39428635307497,6.02574328098661,7.00351793527765,8.83705646248644,7.20515342785832,7.21512594108774,8.10237359356049,7.52617910422019,5.88270246005441,5.16578707536409,7.03251001372438,7.04048524008363,6.64870374465897,6.97293911954089,6.54232706637881,6.1160561135755,7.41391532136036,6.23828643888504,6.92324432553711,7.27626125765885,5.74095145976672,6.13096427934413,6.22342897662135,"LOC132741637",147.140425711603,-1.02936250443994,0.264346797959998,-3.89398514520955,9.86106909652637e-05,0.0360883319032554,"NW_026854960.1",370207,541357,"","plus","caspase activity and apoptosis inhibitor 1-like",132741637,"protein-coding","XM_060729853.1","caspase activity and apoptosis inhibitor 1-like, transcript variant X1","XP_060585836.1","caspase activity and apoptosis inhibitor 1-like",181,"","Q2T9W9","Q2T9W9","reviewed","CAAP1_BOVIN","Caspase activity and apoptosis inhibitor 1 (Conserved anti-apoptotic protein) (CAAP)","CAAP1 CAAP","Bos taurus (Bovine)",362,"GO:0006915; GO:2001268","apoptotic process [GO:0006915]; negative regulation of cysteine-type endopeptidase activity involved in apoptotic signaling pathway [GO:2001268]","apoptotic process [GO:0006915]; negative regulation of cysteine-type endopeptidase activity involved in apoptotic signaling pathway [GO:2001268]","","","","",""
"32",8.93924662251253,9.12095113769444,9.2530708298706,9.08527532768737,9.56145697398042,9.31573473370308,9.45058803152419,9.68008559131496,8.83531866576469,9.08014553837257,9.01601138583723,9.63422351061879,9.15463360010142,9.01443759493556,9.45450110422628,8.65661855474574,8.64452836702694,8.86901908503642,9.28106410950179,8.95212737532909,8.76381879261213,8.8167063254292,8.60641490562785,8.88389027923112,8.63192512551243,8.74572765801869,9.03878602946618,9.03395720360593,8.95578213645666,9.04853613075519,"LOC132746012",540.721225274829,-0.390093275274543,0.101688728324904,-3.8361505911271,0.000124977791985778,0.0429658500023834,"NW_026856260.1",303451,317333,"","plus","vasculin-like protein 1",132746012,"protein-coding","XM_060735056.1","vasculin-like protein 1, transcript variant X1","XP_060591039.1","vasculin-like protein 1 isoform X1",477,"","Q3KR53","Q3KR53","reviewed","GPBL1_RAT","Vasculin-like protein 1 (GC-rich promoter-binding protein 1-like 1)","Gpbp1l1","Rattus norvegicus (Rat)",475,"GO:0003677; GO:0003723; GO:0005634; GO:0006351; GO:0006355; GO:0045893","DNA-templated transcription [GO:0006351]; positive regulation of DNA-templated transcription [GO:0045893]; regulation of DNA-templated transcription [GO:0006355]","nucleus [GO:0005634]; DNA binding [GO:0003677]; RNA binding [GO:0003723]; DNA-templated transcription [GO:0006351]; positive regulation of DNA-templated transcription [GO:0045893]; regulation of DNA-templated transcription [GO:0006355]","DNA binding [GO:0003677]; RNA binding [GO:0003723]","nucleus [GO:0005634]","","",""
"33",8.84705453911037,9.57106120422185,9.08708995863533,9.91242920957142,9.33713727913169,8.89262834349568,10.3768354913937,7.78815537780677,8.39284862046775,9.36567463769201,9.27233238218289,9.78009661287504,9.28280293002362,9.23643143179553,9.96350990237378,8.87717271715358,9.20455026871863,7.86037465477199,7.81771281394421,8.29723019996966,7.45508093432432,9.40415449516452,7.94027038747862,8.55942149830767,8.82256083098325,8.33862857215548,8.6637706687661,8.66070591125838,8.6531836572191,8.8781791162131,"LOC132723296",528.595753584393,-0.812366477688171,0.211545371294311,-3.84015245863249,0.000122957927033883,0.0429658500023834,"NW_026863772.1",76895,129791,"","minus","uncharacterized LOC132723296",132723296,"protein-coding","XM_060707969.1","uncharacterized LOC132723296","XP_060563952.1","uncharacterized protein LOC132723296",3152,"","Q9H0J4","Q9H0J4","reviewed","QRIC2_HUMAN","Glutamine-rich protein 2","QRICH2","Homo sapiens (Human)",1663,"GO:0005737; GO:0030031; GO:0030317; GO:0031965; GO:0036126; GO:2000059","cell projection assembly [GO:0030031]; flagellated sperm motility [GO:0030317]; negative regulation of ubiquitin-dependent protein catabolic process [GO:2000059]","cytoplasm [GO:0005737]; nuclear membrane [GO:0031965]; sperm flagellum [GO:0036126]; cell projection assembly [GO:0030031]; flagellated sperm motility [GO:0030317]; negative regulation of ubiquitin-dependent protein catabolic process [GO:2000059]","","cytoplasm [GO:0005737]; nuclear membrane [GO:0031965]; sperm flagellum [GO:0036126]","","","TISSUE SPECIFICITY: Expressed in the sperm. {ECO:0000269|PubMed:30683861}."
"34",8.38518958730531,9.37714358092976,10.1211361515928,9.42760107776154,9.37703046015472,10.0209375161358,8.35882757924856,9.13005168736433,9.19010937167826,10.3202965683726,10.4046909736358,9.28902552212778,9.18566731361236,9.09336037393684,9.01145509233754,8.04061573857004,8.8123465900292,8.567468527009,8.57974815360425,7.83539971472678,8.15551107605777,8.19009646256274,8.58491448368422,9.31262753545712,7.89572683968981,7.95327473423139,8.51344794388413,7.58761540154011,9.70968383059035,9.58438279215619,"LOC132742857",560.056293423501,-0.872954935658364,0.231001891270732,-3.77899475565449,0.000157462740066389,0.0462150331026009,"NW_026855305.1",269869,275409,"","plus","RNA-binding motif protein, X-linked 2-like",132742857,"protein-coding","XM_060731347.1","RNA-binding motif protein, X-linked 2-like","XP_060587330.1","RNA-binding motif protein, X-linked 2-like",387,"","Q8R0F5","Q8R0F5","reviewed","RBMX2_MOUSE","RNA-binding motif protein, X-linked 2","Rbmx2","Mus musculus (Mouse)",326,"GO:0000398; GO:0003723; GO:0005634; GO:0005686; GO:0005730; GO:0005783; GO:0031965; GO:0071005; GO:0071011","mRNA splicing, via spliceosome [GO:0000398]","endoplasmic reticulum [GO:0005783]; nuclear membrane [GO:0031965]; nucleolus [GO:0005730]; nucleus [GO:0005634]; precatalytic spliceosome [GO:0071011]; U2 snRNP [GO:0005686]; U2-type precatalytic spliceosome [GO:0071005]; RNA binding [GO:0003723]; mRNA splicing, via spliceosome [GO:0000398]","RNA binding [GO:0003723]","endoplasmic reticulum [GO:0005783]; nuclear membrane [GO:0031965]; nucleolus [GO:0005730]; nucleus [GO:0005634]; precatalytic spliceosome [GO:0071011]; U2 snRNP [GO:0005686]; U2-type precatalytic spliceosome [GO:0071005]","","",""
"35",6.67655497717019,7.68649386436686,7.22264127758175,6.60782940741471,7.66888302226009,7.76424539378924,6.34033179100039,6.99347344156645,6.31314976900201,6.77468683242957,8.10922160446424,7.32157401800305,6.25703736787445,7.90501901116633,7.52617910422019,6.20397367810017,6.67646635426087,6.47884106488526,6.44210145427064,7.03841480746048,6.79007976221137,5.82132384499724,6.61747708418557,7.11405573935548,6.08695537759811,5.47934684456066,6.87102220635432,6.2648260492947,6.51201593443274,6.01151581363715,"LOC132743875",120.999709714679,-0.781158266195491,0.206345933361187,-3.78567318226793,0.000153293032311821,0.0462150331026009,"NW_026855610.1",8033,25290,"","minus","nucleolar MIF4G domain-containing protein 1-like",132743875,"protein-coding","XM_060732454.1","nucleolar MIF4G domain-containing protein 1-like","XP_060588437.1","nucleolar MIF4G domain-containing protein 1-like",952,"","Q5C9Z4","Q5C9Z4","reviewed","NOM1_HUMAN","Nucleolar MIF4G domain-containing protein 1 (SGD1 homolog)","NOM1 C7orf3","Homo sapiens (Human)",860,"GO:0003723; GO:0005730; GO:0042274; GO:0048820","hair follicle maturation [GO:0048820]; ribosomal small subunit biogenesis [GO:0042274]","nucleolus [GO:0005730]; RNA binding [GO:0003723]; hair follicle maturation [GO:0048820]; ribosomal small subunit biogenesis [GO:0042274]","RNA binding [GO:0003723]","nucleolus [GO:0005730]","","","TISSUE SPECIFICITY: Expressed in heart and skeletal muscle. {ECO:0000269|PubMed:10329000}."
"36",6.92635560287508,7.70235844567398,7.61058438419642,7.41722655397319,7.9706834559952,8.91216297188519,7.83774970653644,7.25764015040838,7.25966725687954,8.72757648012706,8.84910300553794,9.26278859030889,6.75523332393224,7.77538864026948,9.42044244280611,5.62876317809924,5.50014791558946,5.8788800738649,7.34504648783906,6.71594657460705,5.28113899613091,8.45505009805575,6.18300355046748,7.75162685272073,7.91628055310546,6.35961899328298,8.04152644411838,6.0175759176636,5.37600850792124,6.4461913979499,"LOC132757649",210.852034572272,-1.25832878152714,0.332327698706797,-3.78640957832806,0.000152839676324831,0.0462150331026009,"NW_026859722.1",43722,54651,"","minus","titin homolog",132757649,"protein-coding","XM_060748978.1","titin homolog","XP_060604961.1","titin homolog",3597,"","D3ZQL6","D3ZQL6","reviewed","MILK1_RAT","MICAL-like protein 1","Micall1","Rattus norvegicus (Rat)",855,"GO:0005770; GO:0006612; GO:0006897; GO:0006898; GO:0010008; GO:0010009; GO:0015031; GO:0031175; GO:0031267; GO:0031902; GO:0032456; GO:0032458; GO:0036010; GO:0042802; GO:0046872; GO:0055038; GO:0070300; GO:0097320; GO:1990090","cellular response to nerve growth factor stimulus [GO:1990090]; endocytic recycling [GO:0032456]; endocytosis [GO:0006897]; neuron projection development [GO:0031175]; plasma membrane tubulation [GO:0097320]; protein localization to endosome [GO:0036010]; protein targeting to membrane [GO:0006612]; protein transport [GO:0015031]; receptor-mediated endocytosis [GO:0006898]; slow endocytic recycling [GO:0032458]","cytoplasmic side of endosome membrane [GO:0010009]; endosome membrane [GO:0010008]; late endosome [GO:0005770]; late endosome membrane [GO:0031902]; recycling endosome membrane [GO:0055038]; identical protein binding [GO:0042802]; metal ion binding [GO:0046872]; phosphatidic acid binding [GO:0070300]; small GTPase binding [GO:0031267]; cellular response to nerve growth factor stimulus [GO:1990090]; endocytic recycling [GO:0032456]; endocytosis [GO:0006897]; neuron projection development [GO:0031175]; plasma membrane tubulation [GO:0097320]; protein localization to endosome [GO:0036010]; protein targeting to membrane [GO:0006612]; protein transport [GO:0015031]; receptor-mediated endocytosis [GO:0006898]; slow endocytic recycling [GO:0032458]","identical protein binding [GO:0042802]; metal ion binding [GO:0046872]; phosphatidic acid binding [GO:0070300]; small GTPase binding [GO:0031267]","cytoplasmic side of endosome membrane [GO:0010009]; endosome membrane [GO:0010008]; late endosome [GO:0005770]; late endosome membrane [GO:0031902]; recycling endosome membrane [GO:0055038]","","",""
"37",4.88489270676616,6.96737974744383,7.06203576394306,5.62254584704816,6.05495665619029,7.72943209200877,6.7781391089237,6.48889467944299,5.39822533580014,7.46779604183496,6.73405689729387,6.67897752977449,5.8692793256795,6.98877929863239,6.61652557787541,6.11667508410149,5.29651129492512,5.17341157449107,5.04822375743236,5.42253294505708,5.16567114168046,5.70324653058043,5.37008729633384,6.31672862988868,6.31459477111652,6.03441738072859,5.66936945426448,5.71900508361799,6.54084609601484,5.53500652585321,"LOC132758975",77.1851380395887,-0.906959339853231,0.239465910581071,-3.78742568264714,0.000152216192246192,0.0462150331026009,"NW_026860124.1",3931,30312,"","minus","uncharacterized LOC132758975",132758975,"protein-coding","XM_060750692.1","uncharacterized LOC132758975","XP_060606675.1","uncharacterized protein LOC132758975",952,"","Q9C0D7","Q9C0D7","reviewed","ZC12C_HUMAN","Probable ribonuclease ZC3H12C (EC 3.1.-.-) (MCP-induced protein 3) (Zinc finger CCCH domain-containing protein 12C)","ZC3H12C KIAA1726 MCPIP3","Homo sapiens (Human)",883,"GO:0003729; GO:0004521; GO:0005634; GO:0036464; GO:0046872","","cytoplasmic ribonucleoprotein granule [GO:0036464]; nucleus [GO:0005634]; metal ion binding [GO:0046872]; mRNA binding [GO:0003729]; RNA endonuclease activity [GO:0004521]","metal ion binding [GO:0046872]; mRNA binding [GO:0003729]; RNA endonuclease activity [GO:0004521]","cytoplasmic ribonucleoprotein granule [GO:0036464]; nucleus [GO:0005634]","","INDUCTION: By cytokines (TNF-alpha and interleukin-1) in acute monocytic leukemia cell line THP-1 cells. {ECO:0000269|PubMed:18178554}.",""
"38",8.10543863491369,8.02605562695364,7.58547735329966,8.23131266562402,8.06596670189696,8.00885838362048,7.94375201092305,7.57465694416484,7.5075315873741,8.03489465606474,7.68756279807649,7.74955042951322,8.24282003818134,7.70173459100516,7.30509051406952,8.65352034853924,7.98264309301386,8.29434072795941,8.3406028988082,8.02630918679362,8.81581307446609,8.67881183623775,8.04745712446742,8.21764002174842,8.11072897386607,8.72208348759672,8.49621751729772,8.55317917905124,8.10582636967312,7.73530369060183,"LOC132759828",279.901603073,0.47652111769247,0.126382611319227,3.77046424914292,0.000162944144918822,0.0462150331026009,"NW_026860379.1",306949,323328,"","plus","uncharacterized LOC132759828",132759828,"protein-coding","XM_060751683.1","uncharacterized LOC132759828, transcript variant X1","XP_060607666.1","uncharacterized protein LOC132759828",888,"",NA,NA,NA,NA,NA,NA,NA,NA,NA,NA,NA,NA,NA,NA,NA,NA
"39",9.22106361418442,10.0852813364144,9.70167047102532,10.0892103730584,10.2751583483725,10.9234547579071,10.0284996343354,10.3024357072357,9.51485160645343,9.59568926338223,10.3559236093801,10.4674662584735,9.57473298543249,10.1423987409362,10.8598057142412,9.28211142753217,8.844757451986,9.4193796780896,10.3449088741908,9.90637618531613,8.93521255628431,9.73273773418802,8.81602723249686,10.0293118742625,9.44587276116938,9.07225283397923,9.22549771905197,9.50070014765026,9.46088887614153,9.25544767965048,"LOC132720366",926.153182152209,-0.670224639036474,0.177199241088697,-3.78232228828222,0.000155372013372186,0.0462150331026009,"NW_026862840.1",25005,69605,"","minus","protein Hook homolog 3-like",132720366,"protein-coding","XM_060704488.1","protein Hook homolog 3-like, transcript variant X1","XP_060560471.1","protein Hook homolog 3-like isoform X1",1111,"","Q86VS8","Q86VS8","reviewed","HOOK3_HUMAN","Protein Hook homolog 3 (h-hook3) (hHK3)","HOOK3","Homo sapiens (Human)",718,"GO:0000242; GO:0005737; GO:0005801; GO:0005813; GO:0005874; GO:0007032; GO:0007040; GO:0008017; GO:0008333; GO:0015031; GO:0022027; GO:0030705; GO:0031122; GO:0034451; GO:0034452; GO:0034454; GO:0042802; GO:0045022; GO:0045503; GO:0045505; GO:0050768; GO:0051645; GO:0051959; GO:0070695; GO:0071539; GO:0097150; GO:1905719","cytoplasmic microtubule organization [GO:0031122]; cytoskeleton-dependent intracellular transport [GO:0030705]; early endosome to late endosome transport [GO:0045022]; endosome organization [GO:0007032]; endosome to lysosome transport [GO:0008333]; Golgi localization [GO:0051645]; interkinetic nuclear migration [GO:0022027]; lysosome organization [GO:0007040]; microtubule anchoring at centrosome [GO:0034454]; negative regulation of neurogenesis [GO:0050768]; neuronal stem cell population maintenance [GO:0097150]; protein localization to centrosome [GO:0071539]; protein localization to perinuclear region of cytoplasm [GO:1905719]; protein transport [GO:0015031]","centriolar satellite [GO:0034451]; centrosome [GO:0005813]; cis-Golgi network [GO:0005801]; cytoplasm [GO:0005737]; FHF complex [GO:0070695]; microtubule [GO:0005874]; pericentriolar material [GO:0000242]; dynactin binding [GO:0034452]; dynein intermediate chain binding [GO:0045505]; dynein light chain binding [GO:0045503]; dynein light intermediate chain binding [GO:0051959]; identical protein binding [GO:0042802]; microtubule binding [GO:0008017]; cytoplasmic microtubule organization [GO:0031122]; cytoskeleton-dependent intracellular transport [GO:0030705]; early endosome to late endosome transport [GO:0045022]; endosome organization [GO:0007032]; endosome to lysosome transport [GO:0008333]; Golgi localization [GO:0051645]; interkinetic nuclear migration [GO:0022027]; lysosome organization [GO:0007040]; microtubule anchoring at centrosome [GO:0034454]; negative regulation of neurogenesis [GO:0050768]; neuronal stem cell population maintenance [GO:0097150]; protein localization to centrosome [GO:0071539]; protein localization to perinuclear region of cytoplasm [GO:1905719]; protein transport [GO:0015031]","dynactin binding [GO:0034452]; dynein intermediate chain binding [GO:0045505]; dynein light chain binding [GO:0045503]; dynein light intermediate chain binding [GO:0051959]; identical protein binding [GO:0042802]; microtubule binding [GO:0008017]","centriolar satellite [GO:0034451]; centrosome [GO:0005813]; cis-Golgi network [GO:0005801]; cytoplasm [GO:0005737]; FHF complex [GO:0070695]; microtubule [GO:0005874]; pericentriolar material [GO:0000242]","","",""
"40",4.52983077106045,5.22667326322869,5.68865495092923,4.94268098581672,6.58046756860426,4.60437716065203,4.55898594384658,4.33652478375707,1.54349231254338,6.27402867210509,5.962405350668,5.12190368183167,5.29660435642182,4.58620943605031,6.86635266622783,3.27158688830784,4.63412998146666,4.09770375001356,4.58013320465336,4.15019947510466,4.80313583850755,3.59800435829553,3.64740638880996,5.00624828989427,3.20181470663915,3.51938878909185,2.08876297918038,2.73374212776537,3.35203573326295,5.38645653269846,"LOC132730855",29.8583586632429,-1.40047761975166,0.371018438334774,-3.77468469232247,0.000160210174769991,0.0462150331026009,"NW_026865957.1",30606,47502,"","plus","NACHT, LRR and PYD domains-containing protein 3-like",132730855,"protein-coding","XM_060716926.1","NACHT, LRR and PYD domains-containing protein 3-like, transcript variant X1","XP_060572909.1","uncharacterized protein LOC132730855 isoform X1",797,"","Q647I9","Q647I9","reviewed","NALP5_BOVIN","NACHT, LRR and PYD domains-containing protein 5 (Mater protein homolog)","NLRP5 MATER NALP5","Bos taurus (Bovine)",1098,"GO:0005524; GO:0005634; GO:0005730; GO:0005737; GO:0005739; GO:0005794; GO:0005829; GO:0005938; GO:0006887; GO:0007015; GO:0032879; GO:0040019; GO:0042585; GO:0048471; GO:0050727; GO:0051293; GO:0051302; GO:0051656; GO:0060471; GO:0060473; GO:0106333","actin filament organization [GO:0007015]; cortical granule exocytosis [GO:0060471]; establishment of organelle localization [GO:0051656]; establishment of spindle localization [GO:0051293]; exocytosis [GO:0006887]; positive regulation of embryonic development [GO:0040019]; regulation of cell division [GO:0051302]; regulation of inflammatory response [GO:0050727]; regulation of localization [GO:0032879]","cell cortex [GO:0005938]; cortical granule [GO:0060473]; cytoplasm [GO:0005737]; cytosol [GO:0005829]; germinal vesicle [GO:0042585]; Golgi apparatus [GO:0005794]; mitochondrion [GO:0005739]; nucleolus [GO:0005730]; nucleus [GO:0005634]; perinuclear region of cytoplasm [GO:0048471]; subcortical maternal complex [GO:0106333]; ATP binding [GO:0005524]; actin filament organization [GO:0007015]; cortical granule exocytosis [GO:0060471]; establishment of organelle localization [GO:0051656]; establishment of spindle localization [GO:0051293]; exocytosis [GO:0006887]; positive regulation of embryonic development [GO:0040019]; regulation of cell division [GO:0051302]; regulation of inflammatory response [GO:0050727]; regulation of localization [GO:0032879]","ATP binding [GO:0005524]","cell cortex [GO:0005938]; cortical granule [GO:0060473]; cytoplasm [GO:0005737]; cytosol [GO:0005829]; germinal vesicle [GO:0042585]; Golgi apparatus [GO:0005794]; mitochondrion [GO:0005739]; nucleolus [GO:0005730]; nucleus [GO:0005634]; perinuclear region of cytoplasm [GO:0048471]; subcortical maternal complex [GO:0106333]","","","TISSUE SPECIFICITY: Oocyte-specific. {ECO:0000269|PubMed:15189828, ECO:0000269|PubMed:16339045}."
"41",6.63705762503212,8.64655203154358,6.96153742707409,7.08621855025116,7.21032409305404,8.26732302933938,7.91337512191428,7.12333889676761,6.79587193013829,6.84583775169951,7.59760005301211,8.50786089662477,6.74010863566393,6.91826977636111,7.35402786988798,6.57534503507515,6.52469652464834,6.56805822688684,6.83861137006486,7.1398445865405,6.65387928736283,6.91858762020184,6.53017619991301,7.12303578807219,6.33915956736975,6.63752629268261,7.0935635963869,6.18702427617502,7.31675387576374,6.22342897662135,"LOC132753131",145.273116864248,-0.784712856262362,0.209583310853412,-3.74415717104122,0.000181000329864472,0.0466692895980098,"NW_026858413.1",34600,112958,"","minus","myosin-2 heavy chain-like",132753131,"protein-coding","XM_060743564.1","myosin-2 heavy chain-like, transcript variant X1","XP_060599547.1","myosin-2 heavy chain-like isoform X1",730,"","Q6ZMV7","Q6ZMV7","reviewed","LEKR1_HUMAN","Protein LEKR1","LEKR1","Homo sapiens (Human)",132,"","","","","","","",""
"42",6.68948406457764,6.8005338040825,6.60966925286899,6.29203124959151,5.56508593519793,6.06798159171647,6.20643105720486,5.41302953166154,5.84529652002464,5.09642872921786,6.16872866830594,4.81029639123021,8.93313809605337,3.84074560394617,6.56756970098958,4.19488747822757,4.63412998146666,4.31947368839227,5.6843573626883,5.00528681334729,6.01805964719773,5.73368415245258,4.37622663196443,5.11826833889251,3.65744571189959,6.67495352528889,5.15815679572452,4.22980026612078,5.20642614369315,3.16013164708628,"LOC132713096",63.8859784501633,-1.42495230760385,0.380149686755547,-3.74839795283105,0.000177967720137651,0.0466692895980098,"NW_026860697.1",2348,28392,"","minus","golgin subfamily A member 1-like",132713096,"protein-coding","XM_060695566.1","golgin subfamily A member 1-like","XP_060551549.1","golgin subfamily A member 1-like",871,"","Q92805","Q92805","reviewed","GOGA1_HUMAN","Golgin subfamily A member 1 (Golgin-97)","GOLGA1","Homo sapiens (Human)",767,"GO:0000139; GO:0001669; GO:0005794; GO:0005802; GO:0005829; GO:0048471","","acrosomal vesicle [GO:0001669]; cytosol [GO:0005829]; Golgi apparatus [GO:0005794]; Golgi membrane [GO:0000139]; perinuclear region of cytoplasm [GO:0048471]; trans-Golgi network [GO:0005802]","","acrosomal vesicle [GO:0001669]; cytosol [GO:0005829]; Golgi apparatus [GO:0005794]; Golgi membrane [GO:0000139]; perinuclear region of cytoplasm [GO:0048471]; trans-Golgi network [GO:0005802]","","",""
"43",8.94734278807548,10.6148053812364,10.3383423428246,9.42065843785256,10.4285691393294,10.9501584663866,10.2967271422423,9.59009201371887,8.82925747822765,10.3706252477536,11.1858467687112,10.3859421842498,9.67754898675908,9.99088108093433,10.8384689392935,9.25170171626597,7.66335219574354,10.2599831057535,9.28371918527589,10.0484791543847,9.73878092444671,9.07920738347772,9.15722280524866,9.40387681242809,9.31266960327363,9.22935557072102,9.52002293571202,9.61354804327924,9.20803337634961,9.59711475168777,"LOC132721308",966.498888317308,-0.823388647593138,0.219483586623527,-3.75148164953888,0.000175792621633961,0.0466692895980098,"NW_026863170.1",273091,303381,"","minus","transcriptional regulator ATRX-like",132721308,"protein-coding","XM_060705588.1","transcriptional regulator ATRX-like","XP_060561571.1","transcriptional regulator ATRX-like",1895,"",NA,NA,NA,NA,NA,NA,NA,NA,NA,NA,NA,NA,NA,NA,NA,NA
"44",5.43824742860601,7.74127304450756,5.65686905352474,6.36328264360268,7.92954351995629,7.839633341157,6.01371344614915,8.23770212169272,6.39749813887148,6.39283073591796,6.39921909940467,6.59734336590698,7.19308072489545,6.63141139491722,6.97045424087044,6.23746582032485,5.55341462038896,6.07427020637285,6.05140298584706,6.23272257810887,6.70991166943569,4.95392736209069,4.63721749407143,5.15375544684552,5.76307945480327,6.37486212118305,6.26533827223852,5.88588360447826,6.83660411201697,5.90631980740137,"LOC132727157",96.4994266524,-1.01161402056525,0.268993304755781,-3.76074051911326,0.000169411094227096,0.0466692895980098,"NW_026864884.1",31970,57235,"","minus","cytosolic carboxypeptidase-like protein 5",132727157,"protein-coding","XM_060712574.1","cytosolic carboxypeptidase-like protein 5, transcript variant X1","XP_060568557.1","cytosolic carboxypeptidase-like protein 5 isoform X1",598,"","B2GV17","B2GV17","reviewed","CBPC5_RAT","Cytosolic carboxypeptidase-like protein 5 (EC 3.4.17.-) (EC 3.4.17.24) (ATP/GTP-binding protein-like 5) (Protein deglutamylase CCP5)","Agbl5 Ccp5","Rattus norvegicus (Rat)",832,"GO:0004181; GO:0005634; GO:0005829; GO:0006508; GO:0008270; GO:0015631; GO:0030496; GO:0035608; GO:0035609; GO:0035610; GO:0035611; GO:0051607; GO:0072686","C-terminal protein deglutamylation [GO:0035609]; defense response to virus [GO:0051607]; protein branching point deglutamylation [GO:0035611]; protein deglutamylation [GO:0035608]; protein side chain deglutamylation [GO:0035610]; proteolysis [GO:0006508]","cytosol [GO:0005829]; midbody [GO:0030496]; mitotic spindle [GO:0072686]; nucleus [GO:0005634]; metallocarboxypeptidase activity [GO:0004181]; tubulin binding [GO:0015631]; zinc ion binding [GO:0008270]; C-terminal protein deglutamylation [GO:0035609]; defense response to virus [GO:0051607]; protein branching point deglutamylation [GO:0035611]; protein deglutamylation [GO:0035608]; protein side chain deglutamylation [GO:0035610]; proteolysis [GO:0006508]","metallocarboxypeptidase activity [GO:0004181]; tubulin binding [GO:0015631]; zinc ion binding [GO:0008270]","cytosol [GO:0005829]; midbody [GO:0030496]; mitotic spindle [GO:0072686]; nucleus [GO:0005634]","","",""
"45",6.78894597056748,9.31916362913469,8.67987218779823,8.20569325316304,6.90545240824508,8.05879059566949,8.43778500258736,8.77174285587915,7.61713142103736,8.52135935363132,8.49766631792725,9.11222248316545,8.26412364994954,7.41469873582826,7.75476091283372,7.76438713836742,7.02651068738807,7.17186059454421,7.76548220897823,7.72547809532399,7.22447232192983,6.54232706637881,7.50936532707997,7.60550252791556,8.10357740235452,7.00389294099656,7.83088665267741,7.59967619580815,7.42123454879015,7.81738966688262,"LOC132760592",251.022871811509,-0.799120396110827,0.213901648236155,-3.73592444331505,0.000187026823661822,0.0471515403209637,"NW_026860555.1",92292,119276,"","minus","coiled-coil domain-containing protein 178-like",132760592,"protein-coding","XM_060752596.1","coiled-coil domain-containing protein 178-like, transcript variant X1","XP_060608579.1","coiled-coil domain-containing protein 178-like",928,"","Q5BJE1","Q5BJE1","reviewed","CC178_HUMAN","Coiled-coil domain-containing protein 178","CCDC178 C18orf34","Homo sapiens (Human)",867,"GO:0036064","","ciliary basal body [GO:0036064]","","ciliary basal body [GO:0036064]","","",""
"46",5.78997837334059,8.00702059760256,7.12146826400684,7.33098831712364,6.65447377398753,7.24143668466437,6.70908071913275,8.2642264961855,5.79642369746778,6.77468683242957,7.63981940452327,7.18293837293664,6.19183212565315,7.06907957592303,8.10281485777328,6.74795223385889,5.41636832005522,6.24632664507334,7.18383104209301,6.79581898533102,6.06177901221671,5.87692572523373,4.48635006004,6.58716415518266,6.35128687588959,5.71319218092191,6.06955709095515,6.87363294040381,6.24046990194613,6.0613705463495,"LOC132738510",114.224230022783,-0.944213818133576,0.253560504710185,-3.72382055010024,0.000196230430701561,0.0483963964415045,"NW_026851741.1",205,49524,"","minus","centrosome-associated protein 350-like",132738510,"protein-coding","XM_060726016.1","centrosome-associated protein 350-like","XP_060581999.1","centrosome-associated protein 350-like",1746,"","Q5VT06","Q5VT06","reviewed","CE350_HUMAN","Centrosome-associated protein 350 (Cep350) (Centrosome-associated protein of 350 kDa)","CEP350 CAP350 KIAA0480 GM133","Homo sapiens (Human)",3117,"GO:0005634; GO:0005737; GO:0005813; GO:0005814; GO:0005819; GO:0008017; GO:0016020; GO:0034453; GO:0042995; GO:0071539; GO:1905515","microtubule anchoring [GO:0034453]; non-motile cilium assembly [GO:1905515]; protein localization to centrosome [GO:0071539]","cell projection [GO:0042995]; centriole [GO:0005814]; centrosome [GO:0005813]; cytoplasm [GO:0005737]; membrane [GO:0016020]; nucleus [GO:0005634]; spindle [GO:0005819]; microtubule binding [GO:0008017]; microtubule anchoring [GO:0034453]; non-motile cilium assembly [GO:1905515]; protein localization to centrosome [GO:0071539]","microtubule binding [GO:0008017]","cell projection [GO:0042995]; centriole [GO:0005814]; centrosome [GO:0005813]; cytoplasm [GO:0005737]; membrane [GO:0016020]; nucleus [GO:0005634]; spindle [GO:0005819]","","","TISSUE SPECIFICITY: Detected in heart, brain, skeletal muscle, testis, placenta, lung, liver, kidney and pancreas. {ECO:0000269|PubMed:11891061, ECO:0000269|PubMed:15615782}."
